"activities-heart__value__heartRateZones__caloriesOut","activities-heart__value__heartRateZones__max","activities-heart__value__heartRateZones__min","activities-heart__value__heartRateZones__minutes","activities-heart__value__heartRateZones__name","activities-heart__value__restingHeartRate","activities-heart__dateTime","activities-heart-intraday__dataset__time","activities-heart-intraday__dataset__value","activities-heart-intraday__datasetInterval","activities-heart-intraday__datasetType"
"3235.22863","110","30","1440","Out of Range","51","2025-05-02","00:00:00","54","1","minute"
"0","139","110","0","Fat Burn","","","00:01:00","56","",""
"0","176","139","0","Cardio","","","00:02:00","56","",""
"0","220","176","0","Peak","","","00:03:00","57","",""
"","","","","","","","00:04:00","66","",""
"","","","","","","","00:05:00","58","",""
"","","","","","","","00:06:00","56","",""
"","","","","","","","00:07:00","54","",""
"","","","","","","","00:08:00","56","",""
"","","","","","","","00:09:00","54","",""
"","","","","","","","00:10:00","53","",""
"","","","","","","","00:11:00","54","",""
"","","","","","","","00:12:00","61","",""
"","","","","","","","00:13:00","53","",""
"","","","","","","","00:14:00","52","",""
"","","","","","","","00:15:00","54","",""
"","","","","","","","00:16:00","51","",""
"","","","","","","","00:17:00","55","",""
"","","","","","","","00:18:00","51","",""
"","","","","","","","00:19:00","57","",""
"","","","","","","","00:20:00","68","",""
"","","","","","","","00:21:00","54","",""
"","","","","","","","00:22:00","55","",""
"","","","","","","","00:23:00","51","",""
"","","","","","","","00:24:00","50","",""
"","","","","","","","00:25:00","51","",""
"","","","","","","","00:26:00","50","",""
"","","","","","","","00:27:00","48","",""
"","","","","","","","00:28:00","46","",""
"","","","","","","","00:29:00","46","",""
"","","","","","","","00:30:00","47","",""
"","","","","","","","00:31:00","47","",""
"","","","","","","","00:32:00","46","",""
"","","","","","","","00:33:00","45","",""
"","","","","","","","00:34:00","46","",""
"","","","","","","","00:35:00","45","",""
"","","","","","","","00:36:00","45","",""
"","","","","","","","00:37:00","44","",""
"","","","","","","","00:38:00","45","",""
"","","","","","","","00:39:00","45","",""
"","","","","","","","00:40:00","45","",""
"","","","","","","","00:41:00","45","",""
"","","","","","","","00:42:00","45","",""
"","","","","","","","00:43:00","45","",""
"","","","","","","","00:44:00","45","",""
"","","","","","","","00:45:00","48","",""
"","","","","","","","00:46:00","45","",""
"","","","","","","","00:47:00","45","",""
"","","","","","","","00:48:00","45","",""
"","","","","","","","00:49:00","45","",""
"","","","","","","","00:50:00","45","",""
"","","","","","","","00:51:00","45","",""
"","","","","","","","00:52:00","45","",""
"","","","","","","","00:53:00","45","",""
"","","","","","","","00:54:00","45","",""
"","","","","","","","00:55:00","45","",""
"","","","","","","","00:56:00","45","",""
"","","","","","","","00:57:00","45","",""
"","","","","","","","00:58:00","45","",""
"","","","","","","","00:59:00","45","",""
"","","","","","","","01:00:00","45","",""
"","","","","","","","01:01:00","45","",""
"","","","","","","","01:02:00","45","",""
"","","","","","","","01:03:00","45","",""
"","","","","","","","01:04:00","44","",""
"","","","","","","","01:05:00","45","",""
"","","","","","","","01:06:00","46","",""
"","","","","","","","01:07:00","43","",""
"","","","","","","","01:08:00","43","",""
"","","","","","","","01:09:00","44","",""
"","","","","","","","01:10:00","44","",""
"","","","","","","","01:11:00","44","",""
"","","","","","","","01:12:00","43","",""
"","","","","","","","01:13:00","43","",""
"","","","","","","","01:14:00","44","",""
"","","","","","","","01:15:00","43","",""
"","","","","","","","01:16:00","43","",""
"","","","","","","","01:17:00","44","",""
"","","","","","","","01:18:00","44","",""
"","","","","","","","01:19:00","44","",""
"","","","","","","","01:20:00","44","",""
"","","","","","","","01:21:00","43","",""
"","","","","","","","01:22:00","43","",""
"","","","","","","","01:23:00","44","",""
"","","","","","","","01:24:00","43","",""
"","","","","","","","01:25:00","44","",""
"","","","","","","","01:26:00","44","",""
"","","","","","","","01:27:00","44","",""
"","","","","","","","01:28:00","45","",""
"","","","","","","","01:29:00","45","",""
"","","","","","","","01:30:00","45","",""
"","","","","","","","01:31:00","45","",""
"","","","","","","","01:32:00","45","",""
"","","","","","","","01:33:00","46","",""
"","","","","","","","01:34:00","48","",""
"","","","","","","","01:35:00","46","",""
"","","","","","","","01:36:00","47","",""
"","","","","","","","01:37:00","47","",""
"","","","","","","","01:38:00","50","",""
"","","","","","","","01:39:00","47","",""
"","","","","","","","01:40:00","47","",""
"","","","","","","","01:41:00","47","",""
"","","","","","","","01:42:00","47","",""
"","","","","","","","01:43:00","48","",""
"","","","","","","","01:44:00","46","",""
"","","","","","","","01:45:00","46","",""
"","","","","","","","01:46:00","45","",""
"","","","","","","","01:47:00","46","",""
"","","","","","","","01:48:00","45","",""
"","","","","","","","01:49:00","46","",""
"","","","","","","","01:50:00","46","",""
"","","","","","","","01:51:00","44","",""
"","","","","","","","01:52:00","46","",""
"","","","","","","","01:53:00","47","",""
"","","","","","","","01:54:00","46","",""
"","","","","","","","01:55:00","46","",""
"","","","","","","","01:56:00","46","",""
"","","","","","","","01:57:00","46","",""
"","","","","","","","01:58:00","46","",""
"","","","","","","","01:59:00","46","",""
"","","","","","","","02:00:00","46","",""
"","","","","","","","02:01:00","46","",""
"","","","","","","","02:02:00","46","",""
"","","","","","","","02:03:00","45","",""
"","","","","","","","02:04:00","45","",""
"","","","","","","","02:05:00","46","",""
"","","","","","","","02:06:00","46","",""
"","","","","","","","02:07:00","46","",""
"","","","","","","","02:08:00","46","",""
"","","","","","","","02:09:00","46","",""
"","","","","","","","02:10:00","45","",""
"","","","","","","","02:11:00","46","",""
"","","","","","","","02:12:00","46","",""
"","","","","","","","02:13:00","46","",""
"","","","","","","","02:14:00","46","",""
"","","","","","","","02:15:00","46","",""
"","","","","","","","02:16:00","46","",""
"","","","","","","","02:17:00","46","",""
"","","","","","","","02:18:00","46","",""
"","","","","","","","02:19:00","46","",""
"","","","","","","","02:20:00","45","",""
"","","","","","","","02:21:00","45","",""
"","","","","","","","02:22:00","45","",""
"","","","","","","","02:23:00","45","",""
"","","","","","","","02:24:00","44","",""
"","","","","","","","02:25:00","45","",""
"","","","","","","","02:26:00","45","",""
"","","","","","","","02:27:00","45","",""
"","","","","","","","02:28:00","44","",""
"","","","","","","","02:29:00","44","",""
"","","","","","","","02:30:00","50","",""
"","","","","","","","02:31:00","58","",""
"","","","","","","","02:32:00","43","",""
"","","","","","","","02:33:00","44","",""
"","","","","","","","02:34:00","42","",""
"","","","","","","","02:35:00","43","",""
"","","","","","","","02:36:00","42","",""
"","","","","","","","02:37:00","42","",""
"","","","","","","","02:38:00","42","",""
"","","","","","","","02:39:00","42","",""
"","","","","","","","02:40:00","43","",""
"","","","","","","","02:41:00","42","",""
"","","","","","","","02:42:00","42","",""
"","","","","","","","02:43:00","42","",""
"","","","","","","","02:44:00","43","",""
"","","","","","","","02:45:00","42","",""
"","","","","","","","02:46:00","43","",""
"","","","","","","","02:47:00","43","",""
"","","","","","","","02:48:00","42","",""
"","","","","","","","02:49:00","43","",""
"","","","","","","","02:50:00","42","",""
"","","","","","","","02:51:00","43","",""
"","","","","","","","02:52:00","42","",""
"","","","","","","","02:53:00","42","",""
"","","","","","","","02:54:00","42","",""
"","","","","","","","02:55:00","42","",""
"","","","","","","","02:56:00","44","",""
"","","","","","","","02:57:00","44","",""
"","","","","","","","02:58:00","46","",""
"","","","","","","","02:59:00","53","",""
"","","","","","","","03:00:00","49","",""
"","","","","","","","03:01:00","48","",""
"","","","","","","","03:02:00","45","",""
"","","","","","","","03:03:00","46","",""
"","","","","","","","03:04:00","46","",""
"","","","","","","","03:05:00","49","",""
"","","","","","","","03:06:00","47","",""
"","","","","","","","03:07:00","48","",""
"","","","","","","","03:08:00","48","",""
"","","","","","","","03:09:00","47","",""
"","","","","","","","03:10:00","47","",""
"","","","","","","","03:11:00","46","",""
"","","","","","","","03:12:00","45","",""
"","","","","","","","03:13:00","47","",""
"","","","","","","","03:14:00","47","",""
"","","","","","","","03:15:00","49","",""
"","","","","","","","03:16:00","43","",""
"","","","","","","","03:17:00","47","",""
"","","","","","","","03:18:00","45","",""
"","","","","","","","03:19:00","44","",""
"","","","","","","","03:20:00","45","",""
"","","","","","","","03:21:00","45","",""
"","","","","","","","03:22:00","44","",""
"","","","","","","","03:23:00","45","",""
"","","","","","","","03:24:00","44","",""
"","","","","","","","03:25:00","45","",""
"","","","","","","","03:26:00","45","",""
"","","","","","","","03:27:00","44","",""
"","","","","","","","03:28:00","45","",""
"","","","","","","","03:29:00","45","",""
"","","","","","","","03:30:00","43","",""
"","","","","","","","03:31:00","44","",""
"","","","","","","","03:32:00","44","",""
"","","","","","","","03:33:00","44","",""
"","","","","","","","03:34:00","44","",""
"","","","","","","","03:35:00","44","",""
"","","","","","","","03:36:00","44","",""
"","","","","","","","03:37:00","44","",""
"","","","","","","","03:38:00","44","",""
"","","","","","","","03:39:00","44","",""
"","","","","","","","03:40:00","44","",""
"","","","","","","","03:41:00","44","",""
"","","","","","","","03:42:00","44","",""
"","","","","","","","03:43:00","44","",""
"","","","","","","","03:44:00","45","",""
"","","","","","","","03:45:00","46","",""
"","","","","","","","03:46:00","45","",""
"","","","","","","","03:47:00","45","",""
"","","","","","","","03:48:00","45","",""
"","","","","","","","03:49:00","46","",""
"","","","","","","","03:50:00","45","",""
"","","","","","","","03:51:00","45","",""
"","","","","","","","03:52:00","45","",""
"","","","","","","","03:53:00","45","",""
"","","","","","","","03:54:00","45","",""
"","","","","","","","03:55:00","45","",""
"","","","","","","","03:56:00","45","",""
"","","","","","","","03:57:00","45","",""
"","","","","","","","03:58:00","52","",""
"","","","","","","","03:59:00","54","",""
"","","","","","","","04:00:00","46","",""
"","","","","","","","04:01:00","54","",""
"","","","","","","","04:02:00","50","",""
"","","","","","","","04:03:00","45","",""
"","","","","","","","04:04:00","44","",""
"","","","","","","","04:05:00","45","",""
"","","","","","","","04:06:00","46","",""
"","","","","","","","04:07:00","46","",""
"","","","","","","","04:08:00","46","",""
"","","","","","","","04:09:00","47","",""
"","","","","","","","04:10:00","47","",""
"","","","","","","","04:11:00","50","",""
"","","","","","","","04:12:00","48","",""
"","","","","","","","04:13:00","48","",""
"","","","","","","","04:14:00","47","",""
"","","","","","","","04:15:00","48","",""
"","","","","","","","04:16:00","56","",""
"","","","","","","","04:17:00","56","",""
"","","","","","","","04:18:00","49","",""
"","","","","","","","04:19:00","51","",""
"","","","","","","","04:20:00","49","",""
"","","","","","","","04:21:00","53","",""
"","","","","","","","04:22:00","47","",""
"","","","","","","","04:23:00","50","",""
"","","","","","","","04:24:00","50","",""
"","","","","","","","04:25:00","46","",""
"","","","","","","","04:26:00","49","",""
"","","","","","","","04:27:00","48","",""
"","","","","","","","04:28:00","45","",""
"","","","","","","","04:29:00","46","",""
"","","","","","","","04:30:00","43","",""
"","","","","","","","04:31:00","43","",""
"","","","","","","","04:32:00","43","",""
"","","","","","","","04:33:00","44","",""
"","","","","","","","04:34:00","43","",""
"","","","","","","","04:35:00","44","",""
"","","","","","","","04:36:00","44","",""
"","","","","","","","04:37:00","43","",""
"","","","","","","","04:38:00","45","",""
"","","","","","","","04:39:00","45","",""
"","","","","","","","04:40:00","44","",""
"","","","","","","","04:41:00","44","",""
"","","","","","","","04:42:00","44","",""
"","","","","","","","04:43:00","45","",""
"","","","","","","","04:44:00","44","",""
"","","","","","","","04:45:00","44","",""
"","","","","","","","04:46:00","45","",""
"","","","","","","","04:47:00","45","",""
"","","","","","","","04:48:00","45","",""
"","","","","","","","04:49:00","49","",""
"","","","","","","","04:50:00","46","",""
"","","","","","","","04:51:00","46","",""
"","","","","","","","04:52:00","45","",""
"","","","","","","","04:53:00","46","",""
"","","","","","","","04:54:00","46","",""
"","","","","","","","04:55:00","46","",""
"","","","","","","","04:56:00","46","",""
"","","","","","","","04:57:00","46","",""
"","","","","","","","04:58:00","45","",""
"","","","","","","","04:59:00","45","",""
"","","","","","","","05:00:00","45","",""
"","","","","","","","05:01:00","45","",""
"","","","","","","","05:02:00","46","",""
"","","","","","","","05:03:00","45","",""
"","","","","","","","05:04:00","45","",""
"","","","","","","","05:05:00","46","",""
"","","","","","","","05:06:00","45","",""
"","","","","","","","05:07:00","46","",""
"","","","","","","","05:08:00","46","",""
"","","","","","","","05:09:00","46","",""
"","","","","","","","05:10:00","46","",""
"","","","","","","","05:11:00","46","",""
"","","","","","","","05:12:00","46","",""
"","","","","","","","05:13:00","48","",""
"","","","","","","","05:14:00","43","",""
"","","","","","","","05:15:00","43","",""
"","","","","","","","05:16:00","43","",""
"","","","","","","","05:17:00","43","",""
"","","","","","","","05:18:00","43","",""
"","","","","","","","05:19:00","43","",""
"","","","","","","","05:20:00","44","",""
"","","","","","","","05:21:00","43","",""
"","","","","","","","05:22:00","44","",""
"","","","","","","","05:23:00","44","",""
"","","","","","","","05:24:00","44","",""
"","","","","","","","05:25:00","44","",""
"","","","","","","","05:26:00","44","",""
"","","","","","","","05:27:00","44","",""
"","","","","","","","05:28:00","45","",""
"","","","","","","","05:29:00","45","",""
"","","","","","","","05:30:00","44","",""
"","","","","","","","05:31:00","44","",""
"","","","","","","","05:32:00","44","",""
"","","","","","","","05:33:00","44","",""
"","","","","","","","05:34:00","44","",""
"","","","","","","","05:35:00","43","",""
"","","","","","","","05:36:00","44","",""
"","","","","","","","05:37:00","44","",""
"","","","","","","","05:38:00","44","",""
"","","","","","","","05:39:00","44","",""
"","","","","","","","05:40:00","44","",""
"","","","","","","","05:41:00","44","",""
"","","","","","","","05:42:00","44","",""
"","","","","","","","05:43:00","45","",""
"","","","","","","","05:44:00","45","",""
"","","","","","","","05:45:00","44","",""
"","","","","","","","05:46:00","44","",""
"","","","","","","","05:47:00","45","",""
"","","","","","","","05:48:00","44","",""
"","","","","","","","05:49:00","44","",""
"","","","","","","","05:50:00","51","",""
"","","","","","","","05:51:00","45","",""
"","","","","","","","05:52:00","42","",""
"","","","","","","","05:53:00","42","",""
"","","","","","","","05:54:00","41","",""
"","","","","","","","05:55:00","42","",""
"","","","","","","","05:56:00","43","",""
"","","","","","","","05:57:00","43","",""
"","","","","","","","05:58:00","43","",""
"","","","","","","","05:59:00","44","",""
"","","","","","","","06:00:00","43","",""
"","","","","","","","06:01:00","44","",""
"","","","","","","","06:02:00","50","",""
"","","","","","","","06:03:00","46","",""
"","","","","","","","06:04:00","44","",""
"","","","","","","","06:05:00","44","",""
"","","","","","","","06:06:00","45","",""
"","","","","","","","06:07:00","44","",""
"","","","","","","","06:08:00","44","",""
"","","","","","","","06:09:00","46","",""
"","","","","","","","06:10:00","45","",""
"","","","","","","","06:11:00","47","",""
"","","","","","","","06:12:00","44","",""
"","","","","","","","06:13:00","45","",""
"","","","","","","","06:14:00","44","",""
"","","","","","","","06:15:00","43","",""
"","","","","","","","06:16:00","43","",""
"","","","","","","","06:17:00","42","",""
"","","","","","","","06:18:00","42","",""
"","","","","","","","06:19:00","44","",""
"","","","","","","","06:20:00","42","",""
"","","","","","","","06:21:00","44","",""
"","","","","","","","06:22:00","42","",""
"","","","","","","","06:23:00","43","",""
"","","","","","","","06:24:00","44","",""
"","","","","","","","06:25:00","42","",""
"","","","","","","","06:26:00","43","",""
"","","","","","","","06:27:00","45","",""
"","","","","","","","06:28:00","41","",""
"","","","","","","","06:29:00","42","",""
"","","","","","","","06:30:00","42","",""
"","","","","","","","06:31:00","42","",""
"","","","","","","","06:32:00","42","",""
"","","","","","","","06:33:00","42","",""
"","","","","","","","06:34:00","48","",""
"","","","","","","","06:35:00","42","",""
"","","","","","","","06:36:00","42","",""
"","","","","","","","06:37:00","41","",""
"","","","","","","","06:38:00","41","",""
"","","","","","","","06:39:00","44","",""
"","","","","","","","06:40:00","43","",""
"","","","","","","","06:41:00","41","",""
"","","","","","","","06:42:00","41","",""
"","","","","","","","06:43:00","41","",""
"","","","","","","","06:44:00","41","",""
"","","","","","","","06:45:00","41","",""
"","","","","","","","06:46:00","42","",""
"","","","","","","","06:47:00","42","",""
"","","","","","","","06:48:00","41","",""
"","","","","","","","06:49:00","41","",""
"","","","","","","","06:50:00","42","",""
"","","","","","","","06:51:00","42","",""
"","","","","","","","06:52:00","42","",""
"","","","","","","","06:53:00","44","",""
"","","","","","","","06:54:00","41","",""
"","","","","","","","06:55:00","41","",""
"","","","","","","","06:56:00","43","",""
"","","","","","","","06:57:00","41","",""
"","","","","","","","06:58:00","44","",""
"","","","","","","","06:59:00","42","",""
"","","","","","","","07:00:00","42","",""
"","","","","","","","07:01:00","41","",""
"","","","","","","","07:02:00","42","",""
"","","","","","","","07:03:00","43","",""
"","","","","","","","07:04:00","44","",""
"","","","","","","","07:05:00","45","",""
"","","","","","","","07:06:00","44","",""
"","","","","","","","07:07:00","44","",""
"","","","","","","","07:08:00","44","",""
"","","","","","","","07:09:00","43","",""
"","","","","","","","07:10:00","44","",""
"","","","","","","","07:11:00","44","",""
"","","","","","","","07:12:00","44","",""
"","","","","","","","07:13:00","46","",""
"","","","","","","","07:14:00","44","",""
"","","","","","","","07:15:00","48","",""
"","","","","","","","07:16:00","43","",""
"","","","","","","","07:17:00","43","",""
"","","","","","","","07:18:00","45","",""
"","","","","","","","07:19:00","47","",""
"","","","","","","","07:20:00","46","",""
"","","","","","","","07:21:00","45","",""
"","","","","","","","07:22:00","44","",""
"","","","","","","","07:23:00","51","",""
"","","","","","","","07:24:00","72","",""
"","","","","","","","07:25:00","73","",""
"","","","","","","","07:26:00","68","",""
"","","","","","","","07:27:00","61","",""
"","","","","","","","07:28:00","60","",""
"","","","","","","","07:29:00","82","",""
"","","","","","","","07:30:00","93","",""
"","","","","","","","07:31:00","90","",""
"","","","","","","","07:32:00","61","",""
"","","","","","","","07:33:00","53","",""
"","","","","","","","07:34:00","61","",""
"","","","","","","","07:35:00","62","",""
"","","","","","","","07:36:00","78","",""
"","","","","","","","07:37:00","72","",""
"","","","","","","","07:38:00","71","",""
"","","","","","","","07:39:00","68","",""
"","","","","","","","07:40:00","82","",""
"","","","","","","","07:41:00","81","",""
"","","","","","","","07:42:00","84","",""
"","","","","","","","07:43:00","85","",""
"","","","","","","","07:44:00","84","",""
"","","","","","","","07:45:00","85","",""
"","","","","","","","07:46:00","83","",""
"","","","","","","","07:47:00","83","",""
"","","","","","","","07:48:00","83","",""
"","","","","","","","07:49:00","83","",""
"","","","","","","","07:50:00","81","",""
"","","","","","","","07:51:00","86","",""
"","","","","","","","07:52:00","81","",""
"","","","","","","","07:53:00","79","",""
"","","","","","","","07:54:00","76","",""
"","","","","","","","07:55:00","75","",""
"","","","","","","","07:56:00","76","",""
"","","","","","","","07:57:00","76","",""
"","","","","","","","07:58:00","77","",""
"","","","","","","","07:59:00","74","",""
"","","","","","","","08:00:00","76","",""
"","","","","","","","08:01:00","74","",""
"","","","","","","","08:02:00","77","",""
"","","","","","","","08:03:00","80","",""
"","","","","","","","08:04:00","69","",""
"","","","","","","","08:05:00","69","",""
"","","","","","","","08:06:00","72","",""
"","","","","","","","08:07:00","71","",""
"","","","","","","","08:08:00","73","",""
"","","","","","","","08:09:00","72","",""
"","","","","","","","08:10:00","74","",""
"","","","","","","","08:11:00","75","",""
"","","","","","","","08:12:00","75","",""
"","","","","","","","08:13:00","66","",""
"","","","","","","","08:14:00","67","",""
"","","","","","","","08:15:00","68","",""
"","","","","","","","08:16:00","67","",""
"","","","","","","","08:17:00","72","",""
"","","","","","","","08:18:00","76","",""
"","","","","","","","08:19:00","83","",""
"","","","","","","","08:20:00","92","",""
"","","","","","","","08:21:00","93","",""
"","","","","","","","08:22:00","96","",""
"","","","","","","","08:23:00","92","",""
"","","","","","","","08:24:00","80","",""
"","","","","","","","08:25:00","84","",""
"","","","","","","","08:26:00","82","",""
"","","","","","","","08:27:00","88","",""
"","","","","","","","08:28:00","85","",""
"","","","","","","","08:29:00","91","",""
"","","","","","","","08:30:00","90","",""
"","","","","","","","08:31:00","90","",""
"","","","","","","","08:32:00","88","",""
"","","","","","","","08:33:00","86","",""
"","","","","","","","08:34:00","81","",""
"","","","","","","","08:35:00","70","",""
"","","","","","","","08:36:00","69","",""
"","","","","","","","08:37:00","70","",""
"","","","","","","","08:38:00","67","",""
"","","","","","","","08:39:00","67","",""
"","","","","","","","08:40:00","71","",""
"","","","","","","","08:41:00","66","",""
"","","","","","","","08:42:00","67","",""
"","","","","","","","08:43:00","66","",""
"","","","","","","","08:44:00","66","",""
"","","","","","","","08:45:00","73","",""
"","","","","","","","08:46:00","70","",""
"","","","","","","","08:47:00","71","",""
"","","","","","","","08:48:00","71","",""
"","","","","","","","08:49:00","69","",""
"","","","","","","","08:50:00","68","",""
"","","","","","","","08:51:00","74","",""
"","","","","","","","08:52:00","70","",""
"","","","","","","","08:53:00","70","",""
"","","","","","","","08:54:00","74","",""
"","","","","","","","08:55:00","66","",""
"","","","","","","","08:56:00","71","",""
"","","","","","","","08:57:00","82","",""
"","","","","","","","08:58:00","83","",""
"","","","","","","","08:59:00","79","",""
"","","","","","","","09:00:00","74","",""
"","","","","","","","09:01:00","70","",""
"","","","","","","","09:02:00","71","",""
"","","","","","","","09:03:00","72","",""
"","","","","","","","09:04:00","72","",""
"","","","","","","","09:05:00","73","",""
"","","","","","","","09:06:00","70","",""
"","","","","","","","09:07:00","75","",""
"","","","","","","","09:08:00","78","",""
"","","","","","","","09:09:00","71","",""
"","","","","","","","09:10:00","73","",""
"","","","","","","","09:11:00","73","",""
"","","","","","","","09:12:00","71","",""
"","","","","","","","09:13:00","73","",""
"","","","","","","","09:14:00","72","",""
"","","","","","","","09:15:00","73","",""
"","","","","","","","09:16:00","73","",""
"","","","","","","","09:17:00","73","",""
"","","","","","","","09:18:00","69","",""
"","","","","","","","09:19:00","72","",""
"","","","","","","","09:20:00","73","",""
"","","","","","","","09:21:00","74","",""
"","","","","","","","09:22:00","75","",""
"","","","","","","","09:23:00","75","",""
"","","","","","","","09:24:00","73","",""
"","","","","","","","09:25:00","67","",""
"","","","","","","","09:26:00","71","",""
"","","","","","","","09:27:00","69","",""
"","","","","","","","09:28:00","70","",""
"","","","","","","","09:29:00","70","",""
"","","","","","","","09:30:00","71","",""
"","","","","","","","09:31:00","67","",""
"","","","","","","","09:32:00","68","",""
"","","","","","","","09:33:00","70","",""
"","","","","","","","09:34:00","67","",""
"","","","","","","","09:35:00","66","",""
"","","","","","","","09:36:00","67","",""
"","","","","","","","09:37:00","65","",""
"","","","","","","","09:38:00","64","",""
"","","","","","","","09:39:00","65","",""
"","","","","","","","09:40:00","67","",""
"","","","","","","","09:41:00","67","",""
"","","","","","","","09:42:00","69","",""
"","","","","","","","09:43:00","68","",""
"","","","","","","","09:44:00","74","",""
"","","","","","","","09:45:00","72","",""
"","","","","","","","09:46:00","70","",""
"","","","","","","","09:47:00","71","",""
"","","","","","","","09:48:00","67","",""
"","","","","","","","09:49:00","69","",""
"","","","","","","","09:50:00","68","",""
"","","","","","","","09:51:00","70","",""
"","","","","","","","09:52:00","70","",""
"","","","","","","","09:53:00","72","",""
"","","","","","","","09:54:00","74","",""
"","","","","","","","09:55:00","70","",""
"","","","","","","","09:56:00","70","",""
"","","","","","","","09:57:00","68","",""
"","","","","","","","09:58:00","68","",""
"","","","","","","","09:59:00","66","",""
"","","","","","","","10:00:00","67","",""
"","","","","","","","10:01:00","70","",""
"","","","","","","","10:02:00","68","",""
"","","","","","","","10:03:00","70","",""
"","","","","","","","10:04:00","73","",""
"","","","","","","","10:05:00","72","",""
"","","","","","","","10:06:00","76","",""
"","","","","","","","10:07:00","74","",""
"","","","","","","","10:08:00","73","",""
"","","","","","","","10:09:00","67","",""
"","","","","","","","10:10:00","72","",""
"","","","","","","","10:11:00","74","",""
"","","","","","","","10:12:00","71","",""
"","","","","","","","10:13:00","70","",""
"","","","","","","","10:14:00","64","",""
"","","","","","","","10:15:00","67","",""
"","","","","","","","10:16:00","65","",""
"","","","","","","","10:17:00","64","",""
"","","","","","","","10:18:00","68","",""
"","","","","","","","10:19:00","69","",""
"","","","","","","","10:20:00","64","",""
"","","","","","","","10:21:00","68","",""
"","","","","","","","10:22:00","71","",""
"","","","","","","","10:23:00","69","",""
"","","","","","","","10:24:00","68","",""
"","","","","","","","10:25:00","69","",""
"","","","","","","","10:26:00","72","",""
"","","","","","","","10:27:00","70","",""
"","","","","","","","10:28:00","68","",""
"","","","","","","","10:29:00","68","",""
"","","","","","","","10:30:00","65","",""
"","","","","","","","10:31:00","63","",""
"","","","","","","","10:32:00","70","",""
"","","","","","","","10:33:00","75","",""
"","","","","","","","10:34:00","77","",""
"","","","","","","","10:35:00","78","",""
"","","","","","","","10:36:00","76","",""
"","","","","","","","10:37:00","76","",""
"","","","","","","","10:38:00","78","",""
"","","","","","","","10:39:00","81","",""
"","","","","","","","10:40:00","77","",""
"","","","","","","","10:41:00","81","",""
"","","","","","","","10:42:00","83","",""
"","","","","","","","10:43:00","90","",""
"","","","","","","","10:44:00","86","",""
"","","","","","","","10:45:00","82","",""
"","","","","","","","10:46:00","84","",""
"","","","","","","","10:47:00","85","",""
"","","","","","","","10:48:00","82","",""
"","","","","","","","10:49:00","72","",""
"","","","","","","","10:50:00","74","",""
"","","","","","","","10:51:00","73","",""
"","","","","","","","10:52:00","79","",""
"","","","","","","","10:53:00","85","",""
"","","","","","","","10:54:00","86","",""
"","","","","","","","10:55:00","85","",""
"","","","","","","","10:56:00","83","",""
"","","","","","","","10:57:00","81","",""
"","","","","","","","10:58:00","73","",""
"","","","","","","","10:59:00","73","",""
"","","","","","","","11:00:00","75","",""
"","","","","","","","11:01:00","80","",""
"","","","","","","","11:02:00","76","",""
"","","","","","","","11:03:00","75","",""
"","","","","","","","11:04:00","71","",""
"","","","","","","","11:05:00","72","",""
"","","","","","","","11:06:00","74","",""
"","","","","","","","11:07:00","81","",""
"","","","","","","","11:08:00","80","",""
"","","","","","","","11:09:00","82","",""
"","","","","","","","11:10:00","85","",""
"","","","","","","","11:11:00","83","",""
"","","","","","","","11:12:00","78","",""
"","","","","","","","11:13:00","80","",""
"","","","","","","","11:14:00","79","",""
"","","","","","","","11:15:00","82","",""
"","","","","","","","11:16:00","64","",""
"","","","","","","","11:17:00","67","",""
"","","","","","","","11:18:00","70","",""
"","","","","","","","11:19:00","83","",""
"","","","","","","","11:20:00","78","",""
"","","","","","","","11:21:00","74","",""
"","","","","","","","11:22:00","69","",""
"","","","","","","","11:23:00","69","",""
"","","","","","","","11:24:00","66","",""
"","","","","","","","11:25:00","64","",""
"","","","","","","","11:26:00","66","",""
"","","","","","","","11:27:00","67","",""
"","","","","","","","11:28:00","66","",""
"","","","","","","","11:29:00","67","",""
"","","","","","","","11:30:00","68","",""
"","","","","","","","11:31:00","67","",""
"","","","","","","","11:32:00","66","",""
"","","","","","","","11:33:00","71","",""
"","","","","","","","11:34:00","74","",""
"","","","","","","","11:35:00","74","",""
"","","","","","","","11:36:00","74","",""
"","","","","","","","11:37:00","75","",""
"","","","","","","","11:38:00","79","",""
"","","","","","","","11:39:00","79","",""
"","","","","","","","11:40:00","84","",""
"","","","","","","","11:41:00","83","",""
"","","","","","","","11:42:00","81","",""
"","","","","","","","11:43:00","84","",""
"","","","","","","","11:44:00","83","",""
"","","","","","","","11:45:00","91","",""
"","","","","","","","11:46:00","89","",""
"","","","","","","","11:47:00","88","",""
"","","","","","","","11:48:00","84","",""
"","","","","","","","11:49:00","87","",""
"","","","","","","","11:50:00","84","",""
"","","","","","","","11:51:00","84","",""
"","","","","","","","11:52:00","84","",""
"","","","","","","","11:53:00","65","",""
"","","","","","","","11:54:00","67","",""
"","","","","","","","11:55:00","60","",""
"","","","","","","","11:56:00","60","",""
"","","","","","","","11:57:00","59","",""
"","","","","","","","11:58:00","64","",""
"","","","","","","","11:59:00","64","",""
"","","","","","","","12:00:00","61","",""
"","","","","","","","12:01:00","61","",""
"","","","","","","","12:02:00","61","",""
"","","","","","","","12:03:00","62","",""
"","","","","","","","12:04:00","66","",""
"","","","","","","","12:05:00","63","",""
"","","","","","","","12:06:00","61","",""
"","","","","","","","12:07:00","59","",""
"","","","","","","","12:08:00","61","",""
"","","","","","","","12:09:00","71","",""
"","","","","","","","12:10:00","60","",""
"","","","","","","","12:11:00","73","",""
"","","","","","","","12:12:00","78","",""
"","","","","","","","12:13:00","84","",""
"","","","","","","","12:14:00","82","",""
"","","","","","","","12:15:00","80","",""
"","","","","","","","12:16:00","81","",""
"","","","","","","","12:17:00","80","",""
"","","","","","","","12:18:00","77","",""
"","","","","","","","12:19:00","69","",""
"","","","","","","","12:20:00","65","",""
"","","","","","","","12:21:00","65","",""
"","","","","","","","12:22:00","68","",""
"","","","","","","","12:23:00","68","",""
"","","","","","","","12:24:00","69","",""
"","","","","","","","12:25:00","69","",""
"","","","","","","","12:26:00","68","",""
"","","","","","","","12:27:00","72","",""
"","","","","","","","12:28:00","74","",""
"","","","","","","","12:29:00","70","",""
"","","","","","","","12:30:00","75","",""
"","","","","","","","12:31:00","73","",""
"","","","","","","","12:32:00","78","",""
"","","","","","","","12:33:00","82","",""
"","","","","","","","12:34:00","85","",""
"","","","","","","","12:35:00","75","",""
"","","","","","","","12:36:00","64","",""
"","","","","","","","12:37:00","60","",""
"","","","","","","","12:38:00","61","",""
"","","","","","","","12:39:00","64","",""
"","","","","","","","12:40:00","59","",""
"","","","","","","","12:41:00","61","",""
"","","","","","","","12:42:00","63","",""
"","","","","","","","12:43:00","66","",""
"","","","","","","","12:44:00","65","",""
"","","","","","","","12:45:00","65","",""
"","","","","","","","12:46:00","68","",""
"","","","","","","","12:47:00","63","",""
"","","","","","","","12:48:00","65","",""
"","","","","","","","12:49:00","65","",""
"","","","","","","","12:50:00","66","",""
"","","","","","","","12:51:00","63","",""
"","","","","","","","12:52:00","67","",""
"","","","","","","","12:53:00","79","",""
"","","","","","","","12:54:00","75","",""
"","","","","","","","12:55:00","73","",""
"","","","","","","","12:56:00","68","",""
"","","","","","","","12:57:00","64","",""
"","","","","","","","12:58:00","73","",""
"","","","","","","","12:59:00","75","",""
"","","","","","","","13:00:00","63","",""
"","","","","","","","13:01:00","65","",""
"","","","","","","","13:02:00","68","",""
"","","","","","","","13:03:00","70","",""
"","","","","","","","13:04:00","68","",""
"","","","","","","","13:05:00","72","",""
"","","","","","","","13:06:00","82","",""
"","","","","","","","13:07:00","86","",""
"","","","","","","","13:08:00","85","",""
"","","","","","","","13:09:00","87","",""
"","","","","","","","13:10:00","83","",""
"","","","","","","","13:11:00","83","",""
"","","","","","","","13:12:00","79","",""
"","","","","","","","13:13:00","77","",""
"","","","","","","","13:14:00","83","",""
"","","","","","","","13:15:00","80","",""
"","","","","","","","13:16:00","69","",""
"","","","","","","","13:17:00","59","",""
"","","","","","","","13:18:00","60","",""
"","","","","","","","13:19:00","60","",""
"","","","","","","","13:20:00","66","",""
"","","","","","","","13:21:00","67","",""
"","","","","","","","13:22:00","63","",""
"","","","","","","","13:23:00","61","",""
"","","","","","","","13:24:00","65","",""
"","","","","","","","13:25:00","62","",""
"","","","","","","","13:26:00","63","",""
"","","","","","","","13:27:00","68","",""
"","","","","","","","13:28:00","74","",""
"","","","","","","","13:29:00","68","",""
"","","","","","","","13:30:00","57","",""
"","","","","","","","13:31:00","74","",""
"","","","","","","","13:32:00","79","",""
"","","","","","","","13:33:00","90","",""
"","","","","","","","13:34:00","89","",""
"","","","","","","","13:35:00","88","",""
"","","","","","","","13:36:00","87","",""
"","","","","","","","13:37:00","95","",""
"","","","","","","","13:38:00","91","",""
"","","","","","","","13:39:00","76","",""
"","","","","","","","13:40:00","76","",""
"","","","","","","","13:41:00","73","",""
"","","","","","","","13:42:00","83","",""
"","","","","","","","13:43:00","74","",""
"","","","","","","","13:44:00","71","",""
"","","","","","","","13:45:00","74","",""
"","","","","","","","13:46:00","69","",""
"","","","","","","","13:47:00","74","",""
"","","","","","","","13:48:00","80","",""
"","","","","","","","13:49:00","82","",""
"","","","","","","","13:50:00","79","",""
"","","","","","","","13:51:00","76","",""
"","","","","","","","13:52:00","85","",""
"","","","","","","","13:53:00","87","",""
"","","","","","","","13:54:00","86","",""
"","","","","","","","13:55:00","81","",""
"","","","","","","","13:56:00","78","",""
"","","","","","","","13:57:00","84","",""
"","","","","","","","13:58:00","84","",""
"","","","","","","","13:59:00","77","",""
"","","","","","","","14:00:00","75","",""
"","","","","","","","14:01:00","64","",""
"","","","","","","","14:02:00","63","",""
"","","","","","","","14:03:00","70","",""
"","","","","","","","14:04:00","78","",""
"","","","","","","","14:05:00","85","",""
"","","","","","","","14:06:00","80","",""
"","","","","","","","14:07:00","74","",""
"","","","","","","","14:08:00","77","",""
"","","","","","","","14:09:00","71","",""
"","","","","","","","14:10:00","62","",""
"","","","","","","","14:11:00","61","",""
"","","","","","","","14:12:00","61","",""
"","","","","","","","14:13:00","68","",""
"","","","","","","","14:14:00","70","",""
"","","","","","","","14:15:00","63","",""
"","","","","","","","14:16:00","68","",""
"","","","","","","","14:17:00","62","",""
"","","","","","","","14:18:00","62","",""
"","","","","","","","14:19:00","64","",""
"","","","","","","","14:20:00","64","",""
"","","","","","","","14:21:00","62","",""
"","","","","","","","14:22:00","61","",""
"","","","","","","","14:23:00","61","",""
"","","","","","","","14:24:00","72","",""
"","","","","","","","14:25:00","73","",""
"","","","","","","","14:26:00","60","",""
"","","","","","","","14:27:00","63","",""
"","","","","","","","14:28:00","57","",""
"","","","","","","","14:29:00","57","",""
"","","","","","","","14:30:00","56","",""
"","","","","","","","14:31:00","52","",""
"","","","","","","","14:32:00","52","",""
"","","","","","","","14:33:00","53","",""
"","","","","","","","14:34:00","55","",""
"","","","","","","","14:35:00","58","",""
"","","","","","","","14:36:00","57","",""
"","","","","","","","14:37:00","55","",""
"","","","","","","","14:38:00","56","",""
"","","","","","","","14:39:00","58","",""
"","","","","","","","14:40:00","55","",""
"","","","","","","","14:41:00","56","",""
"","","","","","","","14:42:00","66","",""
"","","","","","","","14:43:00","77","",""
"","","","","","","","14:44:00","77","",""
"","","","","","","","14:45:00","73","",""
"","","","","","","","14:46:00","82","",""
"","","","","","","","14:47:00","86","",""
"","","","","","","","14:48:00","76","",""
"","","","","","","","14:49:00","78","",""
"","","","","","","","14:50:00","80","",""
"","","","","","","","14:51:00","80","",""
"","","","","","","","14:52:00","85","",""
"","","","","","","","14:53:00","80","",""
"","","","","","","","14:54:00","79","",""
"","","","","","","","14:55:00","83","",""
"","","","","","","","14:56:00","86","",""
"","","","","","","","14:57:00","79","",""
"","","","","","","","14:58:00","80","",""
"","","","","","","","14:59:00","79","",""
"","","","","","","","15:00:00","76","",""
"","","","","","","","15:01:00","79","",""
"","","","","","","","15:02:00","85","",""
"","","","","","","","15:03:00","85","",""
"","","","","","","","15:04:00","76","",""
"","","","","","","","15:05:00","66","",""
"","","","","","","","15:06:00","72","",""
"","","","","","","","15:07:00","74","",""
"","","","","","","","15:08:00","76","",""
"","","","","","","","15:09:00","84","",""
"","","","","","","","15:10:00","71","",""
"","","","","","","","15:11:00","66","",""
"","","","","","","","15:12:00","82","",""
"","","","","","","","15:13:00","63","",""
"","","","","","","","15:14:00","64","",""
"","","","","","","","15:15:00","64","",""
"","","","","","","","15:16:00","66","",""
"","","","","","","","15:17:00","68","",""
"","","","","","","","15:18:00","77","",""
"","","","","","","","15:19:00","83","",""
"","","","","","","","15:20:00","81","",""
"","","","","","","","15:21:00","79","",""
"","","","","","","","15:22:00","72","",""
"","","","","","","","15:23:00","63","",""
"","","","","","","","15:24:00","64","",""
"","","","","","","","15:25:00","74","",""
"","","","","","","","15:26:00","72","",""
"","","","","","","","15:27:00","68","",""
"","","","","","","","15:28:00","71","",""
"","","","","","","","15:29:00","72","",""
"","","","","","","","15:30:00","72","",""
"","","","","","","","15:31:00","64","",""
"","","","","","","","15:32:00","66","",""
"","","","","","","","15:33:00","64","",""
"","","","","","","","15:34:00","68","",""
"","","","","","","","15:35:00","65","",""
"","","","","","","","15:36:00","59","",""
"","","","","","","","15:37:00","66","",""
"","","","","","","","15:38:00","52","",""
"","","","","","","","15:39:00","51","",""
"","","","","","","","15:40:00","52","",""
"","","","","","","","15:41:00","52","",""
"","","","","","","","15:42:00","53","",""
"","","","","","","","15:43:00","53","",""
"","","","","","","","15:44:00","59","",""
"","","","","","","","15:45:00","66","",""
"","","","","","","","15:46:00","60","",""
"","","","","","","","15:47:00","58","",""
"","","","","","","","15:48:00","57","",""
"","","","","","","","15:49:00","82","",""
"","","","","","","","15:50:00","85","",""
"","","","","","","","15:51:00","81","",""
"","","","","","","","15:52:00","81","",""
"","","","","","","","15:53:00","87","",""
"","","","","","","","15:54:00","89","",""
"","","","","","","","15:55:00","90","",""
"","","","","","","","15:56:00","87","",""
"","","","","","","","15:57:00","90","",""
"","","","","","","","15:58:00","84","",""
"","","","","","","","15:59:00","84","",""
"","","","","","","","16:00:00","85","",""
"","","","","","","","16:01:00","84","",""
"","","","","","","","16:02:00","86","",""
"","","","","","","","16:03:00","83","",""
"","","","","","","","16:04:00","81","",""
"","","","","","","","16:05:00","83","",""
"","","","","","","","16:06:00","86","",""
"","","","","","","","16:07:00","83","",""
"","","","","","","","16:08:00","82","",""
"","","","","","","","16:09:00","67","",""
"","","","","","","","16:10:00","72","",""
"","","","","","","","16:11:00","74","",""
"","","","","","","","16:12:00","74","",""
"","","","","","","","16:13:00","79","",""
"","","","","","","","16:14:00","81","",""
"","","","","","","","16:15:00","87","",""
"","","","","","","","16:16:00","87","",""
"","","","","","","","16:17:00","86","",""
"","","","","","","","16:18:00","85","",""
"","","","","","","","16:19:00","84","",""
"","","","","","","","16:20:00","84","",""
"","","","","","","","16:21:00","76","",""
"","","","","","","","16:22:00","76","",""
"","","","","","","","16:23:00","69","",""
"","","","","","","","16:24:00","67","",""
"","","","","","","","16:25:00","66","",""
"","","","","","","","16:26:00","61","",""
"","","","","","","","16:27:00","61","",""
"","","","","","","","16:28:00","64","",""
"","","","","","","","16:29:00","74","",""
"","","","","","","","16:30:00","70","",""
"","","","","","","","16:31:00","53","",""
"","","","","","","","16:32:00","68","",""
"","","","","","","","16:33:00","76","",""
"","","","","","","","16:34:00","79","",""
"","","","","","","","16:35:00","78","",""
"","","","","","","","16:36:00","82","",""
"","","","","","","","16:37:00","81","",""
"","","","","","","","16:38:00","83","",""
"","","","","","","","16:39:00","82","",""
"","","","","","","","16:40:00","79","",""
"","","","","","","","16:41:00","82","",""
"","","","","","","","16:42:00","83","",""
"","","","","","","","16:43:00","86","",""
"","","","","","","","16:44:00","75","",""
"","","","","","","","16:45:00","52","",""
"","","","","","","","16:46:00","53","",""
"","","","","","","","16:47:00","55","",""
"","","","","","","","16:48:00","52","",""
"","","","","","","","16:49:00","64","",""
"","","","","","","","16:50:00","49","",""
"","","","","","","","16:51:00","48","",""
"","","","","","","","16:52:00","51","",""
"","","","","","","","16:53:00","50","",""
"","","","","","","","16:54:00","50","",""
"","","","","","","","16:55:00","52","",""
"","","","","","","","16:56:00","51","",""
"","","","","","","","16:57:00","51","",""
"","","","","","","","16:58:00","54","",""
"","","","","","","","16:59:00","70","",""
"","","","","","","","17:00:00","72","",""
"","","","","","","","17:01:00","74","",""
"","","","","","","","17:02:00","72","",""
"","","","","","","","17:03:00","72","",""
"","","","","","","","17:04:00","79","",""
"","","","","","","","17:05:00","74","",""
"","","","","","","","17:06:00","74","",""
"","","","","","","","17:07:00","78","",""
"","","","","","","","17:08:00","71","",""
"","","","","","","","17:09:00","61","",""
"","","","","","","","17:10:00","59","",""
"","","","","","","","17:11:00","64","",""
"","","","","","","","17:12:00","74","",""
"","","","","","","","17:13:00","78","",""
"","","","","","","","17:14:00","75","",""
"","","","","","","","17:15:00","78","",""
"","","","","","","","17:16:00","65","",""
"","","","","","","","17:17:00","70","",""
"","","","","","","","17:18:00","63","",""
"","","","","","","","17:19:00","67","",""
"","","","","","","","17:20:00","66","",""
"","","","","","","","17:21:00","65","",""
"","","","","","","","17:22:00","65","",""
"","","","","","","","17:23:00","73","",""
"","","","","","","","17:24:00","73","",""
"","","","","","","","17:25:00","66","",""
"","","","","","","","17:26:00","67","",""
"","","","","","","","17:27:00","71","",""
"","","","","","","","17:28:00","67","",""
"","","","","","","","17:29:00","68","",""
"","","","","","","","17:30:00","77","",""
"","","","","","","","17:31:00","85","",""
"","","","","","","","17:32:00","73","",""
"","","","","","","","17:33:00","63","",""
"","","","","","","","17:34:00","64","",""
"","","","","","","","17:35:00","66","",""
"","","","","","","","17:36:00","60","",""
"","","","","","","","17:37:00","70","",""
"","","","","","","","17:38:00","74","",""
"","","","","","","","17:39:00","70","",""
"","","","","","","","17:40:00","67","",""
"","","","","","","","17:41:00","65","",""
"","","","","","","","17:42:00","63","",""
"","","","","","","","17:43:00","63","",""
"","","","","","","","17:44:00","64","",""
"","","","","","","","17:45:00","66","",""
"","","","","","","","17:46:00","64","",""
"","","","","","","","17:47:00","64","",""
"","","","","","","","17:48:00","66","",""
"","","","","","","","17:49:00","67","",""
"","","","","","","","17:50:00","66","",""
"","","","","","","","17:51:00","65","",""
"","","","","","","","17:52:00","69","",""
"","","","","","","","17:53:00","66","",""
"","","","","","","","17:54:00","63","",""
"","","","","","","","17:55:00","61","",""
"","","","","","","","17:56:00","62","",""
"","","","","","","","17:57:00","67","",""
"","","","","","","","17:58:00","69","",""
"","","","","","","","17:59:00","62","",""
"","","","","","","","18:00:00","64","",""
"","","","","","","","18:01:00","76","",""
"","","","","","","","18:02:00","82","",""
"","","","","","","","18:03:00","84","",""
"","","","","","","","18:04:00","76","",""
"","","","","","","","18:05:00","74","",""
"","","","","","","","18:06:00","76","",""
"","","","","","","","18:07:00","81","",""
"","","","","","","","18:08:00","78","",""
"","","","","","","","18:09:00","74","",""
"","","","","","","","18:10:00","76","",""
"","","","","","","","18:11:00","79","",""
"","","","","","","","18:12:00","74","",""
"","","","","","","","18:13:00","93","",""
"","","","","","","","18:14:00","78","",""
"","","","","","","","18:15:00","61","",""
"","","","","","","","18:16:00","65","",""
"","","","","","","","18:17:00","61","",""
"","","","","","","","18:18:00","60","",""
"","","","","","","","18:19:00","70","",""
"","","","","","","","18:20:00","71","",""
"","","","","","","","18:21:00","68","",""
"","","","","","","","18:22:00","74","",""
"","","","","","","","18:23:00","77","",""
"","","","","","","","18:24:00","63","",""
"","","","","","","","18:25:00","60","",""
"","","","","","","","18:26:00","61","",""
"","","","","","","","18:27:00","60","",""
"","","","","","","","18:28:00","60","",""
"","","","","","","","18:29:00","62","",""
"","","","","","","","18:30:00","69","",""
"","","","","","","","18:31:00","75","",""
"","","","","","","","18:32:00","69","",""
"","","","","","","","18:33:00","68","",""
"","","","","","","","18:34:00","63","",""
"","","","","","","","18:35:00","77","",""
"","","","","","","","18:36:00","70","",""
"","","","","","","","18:37:00","68","",""
"","","","","","","","18:38:00","59","",""
"","","","","","","","18:39:00","61","",""
"","","","","","","","18:40:00","67","",""
"","","","","","","","18:41:00","70","",""
"","","","","","","","18:42:00","62","",""
"","","","","","","","18:43:00","64","",""
"","","","","","","","18:44:00","66","",""
"","","","","","","","18:45:00","79","",""
"","","","","","","","18:46:00","82","",""
"","","","","","","","18:47:00","80","",""
"","","","","","","","18:48:00","82","",""
"","","","","","","","18:49:00","73","",""
"","","","","","","","18:50:00","61","",""
"","","","","","","","18:51:00","59","",""
"","","","","","","","18:52:00","60","",""
"","","","","","","","18:53:00","64","",""
"","","","","","","","18:54:00","66","",""
"","","","","","","","18:55:00","63","",""
"","","","","","","","18:56:00","68","",""
"","","","","","","","18:57:00","76","",""
"","","","","","","","18:58:00","76","",""
"","","","","","","","18:59:00","70","",""
"","","","","","","","19:00:00","68","",""
"","","","","","","","19:01:00","64","",""
"","","","","","","","19:02:00","59","",""
"","","","","","","","19:03:00","59","",""
"","","","","","","","19:04:00","57","",""
"","","","","","","","19:05:00","60","",""
"","","","","","","","19:06:00","61","",""
"","","","","","","","19:07:00","61","",""
"","","","","","","","19:08:00","61","",""
"","","","","","","","19:09:00","63","",""
"","","","","","","","19:10:00","64","",""
"","","","","","","","19:11:00","64","",""
"","","","","","","","19:12:00","64","",""
"","","","","","","","19:13:00","66","",""
"","","","","","","","19:14:00","69","",""
"","","","","","","","19:15:00","67","",""
"","","","","","","","19:16:00","75","",""
"","","","","","","","19:17:00","71","",""
"","","","","","","","19:18:00","66","",""
"","","","","","","","19:19:00","67","",""
"","","","","","","","19:20:00","65","",""
"","","","","","","","19:21:00","68","",""
"","","","","","","","19:22:00","72","",""
"","","","","","","","19:23:00","67","",""
"","","","","","","","19:24:00","68","",""
"","","","","","","","19:25:00","71","",""
"","","","","","","","19:26:00","66","",""
"","","","","","","","19:27:00","64","",""
"","","","","","","","19:28:00","68","",""
"","","","","","","","19:29:00","64","",""
"","","","","","","","19:30:00","70","",""
"","","","","","","","19:31:00","69","",""
"","","","","","","","19:32:00","65","",""
"","","","","","","","19:33:00","68","",""
"","","","","","","","19:34:00","70","",""
"","","","","","","","19:35:00","67","",""
"","","","","","","","19:36:00","66","",""
"","","","","","","","19:37:00","62","",""
"","","","","","","","19:38:00","69","",""
"","","","","","","","19:39:00","77","",""
"","","","","","","","19:40:00","80","",""
"","","","","","","","19:41:00","80","",""
"","","","","","","","19:42:00","78","",""
"","","","","","","","19:43:00","73","",""
"","","","","","","","19:44:00","79","",""
"","","","","","","","19:45:00","75","",""
"","","","","","","","19:46:00","81","",""
"","","","","","","","19:47:00","68","",""
"","","","","","","","19:48:00","57","",""
"","","","","","","","19:49:00","54","",""
"","","","","","","","19:50:00","62","",""
"","","","","","","","19:51:00","76","",""
"","","","","","","","19:52:00","76","",""
"","","","","","","","19:53:00","81","",""
"","","","","","","","19:54:00","83","",""
"","","","","","","","19:55:00","70","",""
"","","","","","","","19:56:00","71","",""
"","","","","","","","19:57:00","71","",""
"","","","","","","","19:58:00","69","",""
"","","","","","","","19:59:00","69","",""
"","","","","","","","20:00:00","79","",""
"","","","","","","","20:01:00","74","",""
"","","","","","","","20:02:00","76","",""
"","","","","","","","20:03:00","81","",""
"","","","","","","","20:04:00","81","",""
"","","","","","","","20:05:00","76","",""
"","","","","","","","20:06:00","72","",""
"","","","","","","","20:07:00","75","",""
"","","","","","","","20:08:00","82","",""
"","","","","","","","20:09:00","83","",""
"","","","","","","","20:10:00","77","",""
"","","","","","","","20:11:00","82","",""
"","","","","","","","20:12:00","83","",""
"","","","","","","","20:13:00","80","",""
"","","","","","","","20:14:00","78","",""
"","","","","","","","20:15:00","62","",""
"","","","","","","","20:16:00","59","",""
"","","","","","","","20:17:00","56","",""
"","","","","","","","20:18:00","58","",""
"","","","","","","","20:19:00","65","",""
"","","","","","","","20:20:00","67","",""
"","","","","","","","20:21:00","72","",""
"","","","","","","","20:22:00","72","",""
"","","","","","","","20:23:00","71","",""
"","","","","","","","20:24:00","72","",""
"","","","","","","","20:25:00","71","",""
"","","","","","","","20:26:00","74","",""
"","","","","","","","20:27:00","74","",""
"","","","","","","","20:28:00","78","",""
"","","","","","","","20:29:00","84","",""
"","","","","","","","20:30:00","83","",""
"","","","","","","","20:31:00","81","",""
"","","","","","","","20:32:00","84","",""
"","","","","","","","20:33:00","70","",""
"","","","","","","","20:34:00","69","",""
"","","","","","","","20:35:00","77","",""
"","","","","","","","20:36:00","78","",""
"","","","","","","","20:37:00","80","",""
"","","","","","","","20:38:00","78","",""
"","","","","","","","20:39:00","59","",""
"","","","","","","","20:40:00","65","",""
"","","","","","","","20:41:00","76","",""
"","","","","","","","20:42:00","75","",""
"","","","","","","","20:43:00","80","",""
"","","","","","","","20:44:00","83","",""
"","","","","","","","20:45:00","83","",""
"","","","","","","","20:46:00","84","",""
"","","","","","","","20:47:00","85","",""
"","","","","","","","20:48:00","82","",""
"","","","","","","","20:49:00","84","",""
"","","","","","","","20:50:00","82","",""
"","","","","","","","20:51:00","69","",""
"","","","","","","","20:52:00","64","",""
"","","","","","","","20:53:00","77","",""
"","","","","","","","20:54:00","75","",""
"","","","","","","","20:55:00","80","",""
"","","","","","","","20:56:00","86","",""
"","","","","","","","20:57:00","83","",""
"","","","","","","","20:58:00","77","",""
"","","","","","","","20:59:00","70","",""
"","","","","","","","21:00:00","61","",""
"","","","","","","","21:01:00","55","",""
"","","","","","","","21:02:00","60","",""
"","","","","","","","21:03:00","68","",""
"","","","","","","","21:04:00","71","",""
"","","","","","","","21:05:00","68","",""
"","","","","","","","21:06:00","77","",""
"","","","","","","","21:07:00","84","",""
"","","","","","","","21:08:00","87","",""
"","","","","","","","21:09:00","86","",""
"","","","","","","","21:10:00","87","",""
"","","","","","","","21:11:00","91","",""
"","","","","","","","21:12:00","77","",""
"","","","","","","","21:13:00","59","",""
"","","","","","","","21:14:00","56","",""
"","","","","","","","21:15:00","63","",""
"","","","","","","","21:16:00","63","",""
"","","","","","","","21:17:00","68","",""
"","","","","","","","21:18:00","69","",""
"","","","","","","","21:19:00","68","",""
"","","","","","","","21:20:00","72","",""
"","","","","","","","21:21:00","68","",""
"","","","","","","","21:22:00","69","",""
"","","","","","","","21:23:00","60","",""
"","","","","","","","21:24:00","63","",""
"","","","","","","","21:25:00","67","",""
"","","","","","","","21:26:00","67","",""
"","","","","","","","21:27:00","62","",""
"","","","","","","","21:28:00","63","",""
"","","","","","","","21:29:00","67","",""
"","","","","","","","21:30:00","80","",""
"","","","","","","","21:31:00","80","",""
"","","","","","","","21:32:00","69","",""
"","","","","","","","21:33:00","59","",""
"","","","","","","","21:34:00","63","",""
"","","","","","","","21:35:00","64","",""
"","","","","","","","21:36:00","64","",""
"","","","","","","","21:37:00","67","",""
"","","","","","","","21:38:00","63","",""
"","","","","","","","21:39:00","64","",""
"","","","","","","","21:40:00","68","",""
"","","","","","","","21:41:00","61","",""
"","","","","","","","21:42:00","61","",""
"","","","","","","","21:43:00","59","",""
"","","","","","","","21:44:00","60","",""
"","","","","","","","21:45:00","62","",""
"","","","","","","","21:46:00","63","",""
"","","","","","","","21:47:00","80","",""
"","","","","","","","21:48:00","75","",""
"","","","","","","","21:49:00","67","",""
"","","","","","","","21:50:00","61","",""
"","","","","","","","21:51:00","62","",""
"","","","","","","","21:52:00","61","",""
"","","","","","","","21:53:00","65","",""
"","","","","","","","21:54:00","67","",""
"","","","","","","","21:55:00","64","",""
"","","","","","","","21:56:00","67","",""
"","","","","","","","21:57:00","71","",""
"","","","","","","","21:58:00","71","",""
"","","","","","","","21:59:00","75","",""
"","","","","","","","22:00:00","73","",""
"","","","","","","","22:01:00","71","",""
"","","","","","","","22:02:00","80","",""
"","","","","","","","22:03:00","77","",""
"","","","","","","","22:04:00","67","",""
"","","","","","","","22:05:00","68","",""
"","","","","","","","22:06:00","68","",""
"","","","","","","","22:07:00","75","",""
"","","","","","","","22:08:00","66","",""
"","","","","","","","22:09:00","75","",""
"","","","","","","","22:10:00","66","",""
"","","","","","","","22:11:00","54","",""
"","","","","","","","22:12:00","52","",""
"","","","","","","","22:13:00","51","",""
"","","","","","","","22:14:00","53","",""
"","","","","","","","22:15:00","51","",""
"","","","","","","","22:16:00","54","",""
"","","","","","","","22:17:00","54","",""
"","","","","","","","22:18:00","52","",""
"","","","","","","","22:19:00","55","",""
"","","","","","","","22:20:00","55","",""
"","","","","","","","22:21:00","53","",""
"","","","","","","","22:22:00","55","",""
"","","","","","","","22:23:00","55","",""
"","","","","","","","22:24:00","60","",""
"","","","","","","","22:25:00","64","",""
"","","","","","","","22:26:00","67","",""
"","","","","","","","22:27:00","72","",""
"","","","","","","","22:28:00","74","",""
"","","","","","","","22:29:00","71","",""
"","","","","","","","22:30:00","72","",""
"","","","","","","","22:31:00","75","",""
"","","","","","","","22:32:00","71","",""
"","","","","","","","22:33:00","74","",""
"","","","","","","","22:34:00","80","",""
"","","","","","","","22:35:00","82","",""
"","","","","","","","22:36:00","87","",""
"","","","","","","","22:37:00","76","",""
"","","","","","","","22:38:00","59","",""
"","","","","","","","22:39:00","56","",""
"","","","","","","","22:40:00","53","",""
"","","","","","","","22:41:00","53","",""
"","","","","","","","22:42:00","56","",""
"","","","","","","","22:43:00","54","",""
"","","","","","","","22:44:00","55","",""
"","","","","","","","22:45:00","58","",""
"","","","","","","","22:46:00","57","",""
"","","","","","","","22:47:00","57","",""
"","","","","","","","22:48:00","59","",""
"","","","","","","","22:49:00","64","",""
"","","","","","","","22:50:00","57","",""
"","","","","","","","22:51:00","58","",""
"","","","","","","","22:52:00","56","",""
"","","","","","","","22:53:00","58","",""
"","","","","","","","22:54:00","55","",""
"","","","","","","","22:55:00","53","",""
"","","","","","","","22:56:00","54","",""
"","","","","","","","22:57:00","55","",""
"","","","","","","","22:58:00","59","",""
"","","","","","","","22:59:00","60","",""
"","","","","","","","23:00:00","56","",""
"","","","","","","","23:01:00","63","",""
"","","","","","","","23:02:00","74","",""
"","","","","","","","23:03:00","65","",""
"","","","","","","","23:04:00","69","",""
"","","","","","","","23:05:00","71","",""
"","","","","","","","23:06:00","57","",""
"","","","","","","","23:07:00","58","",""
"","","","","","","","23:08:00","59","",""
"","","","","","","","23:09:00","55","",""
"","","","","","","","23:10:00","52","",""
"","","","","","","","23:11:00","52","",""
"","","","","","","","23:12:00","52","",""
"","","","","","","","23:13:00","55","",""
"","","","","","","","23:14:00","56","",""
"","","","","","","","23:15:00","53","",""
"","","","","","","","23:16:00","54","",""
"","","","","","","","23:17:00","53","",""
"","","","","","","","23:18:00","53","",""
"","","","","","","","23:19:00","53","",""
"","","","","","","","23:20:00","57","",""
"","","","","","","","23:21:00","73","",""
"","","","","","","","23:22:00","68","",""
"","","","","","","","23:23:00","69","",""
"","","","","","","","23:24:00","77","",""
"","","","","","","","23:25:00","78","",""
"","","","","","","","23:26:00","84","",""
"","","","","","","","23:27:00","81","",""
"","","","","","","","23:28:00","73","",""
"","","","","","","","23:29:00","79","",""
"","","","","","","","23:30:00","76","",""
"","","","","","","","23:31:00","68","",""
"","","","","","","","23:32:00","68","",""
"","","","","","","","23:33:00","76","",""
"","","","","","","","23:34:00","77","",""
"","","","","","","","23:35:00","58","",""
"","","","","","","","23:36:00","63","",""
"","","","","","","","23:37:00","62","",""
"","","","","","","","23:38:00","56","",""
"","","","","","","","23:39:00","60","",""
"","","","","","","","23:40:00","60","",""
"","","","","","","","23:41:00","55","",""
"","","","","","","","23:42:00","55","",""
"","","","","","","","23:43:00","56","",""
"","","","","","","","23:44:00","56","",""
"","","","","","","","23:45:00","56","",""
"","","","","","","","23:46:00","55","",""
"","","","","","","","23:47:00","56","",""
"","","","","","","","23:48:00","53","",""
"","","","","","","","23:49:00","58","",""
"","","","","","","","23:50:00","57","",""
"","","","","","","","23:51:00","59","",""
"","","","","","","","23:52:00","58","",""
"","","","","","","","23:53:00","53","",""
"","","","","","","","23:54:00","55","",""
"","","","","","","","23:55:00","54","",""
"","","","","","","","23:56:00","54","",""
"","","","","","","","23:57:00","52","",""
"","","","","","","","23:58:00","53","",""
"","","","","","","","23:59:00","53","",""
